	{

		"metadata": {
			"formatVersion" : 3.1,
			"generatedBy"   : "Blender 2.7 Exporter",
			"vertices"      : 40,
			"faces"         : 30,
			"normals"       : 36,
			"colors"        : 0,
			"uvs"           : [],
			"materials"     : 2,
			"morphTargets"  : 0,
			"bones"         : 0
		},

			"scale" : 1.000000,
			
			"vertices" : [0.0625877,0.0526767,0.182884,0.00517135,0.0526767,-0.113688,0.0625877,0.0074213,0.182884,0.00517128,0.00742129,-0.113688,-0.146753,0.0526767,0.223412,-0.204169,0.0526767,-0.07316,-0.146753,0.00742131,0.223412,-0.204169,0.00742129,-0.07316,0.0148891,-0.000147975,-0.124114,0.0754944,-0.000147957,0.18893,-0.158209,-0.000147953,0.234175,-0.218814,-0.000147972,-0.078869,0.0148893,0.0611159,-0.124114,0.0754943,0.0611159,0.18893,-0.158209,0.0611159,0.234175,-0.218814,0.0611159,-0.0788689,0.0754943,0.0552647,0.18893,0.0148892,0.0552647,-0.124114,-0.165416,0.0485568,0.23557,-0.226022,0.0485568,-0.0774736,0.0754944,0.00483325,0.18893,0.0148891,0.00483323,-0.124114,-0.165416,0.0115412,0.23557,-0.226022,0.0115412,-0.0774737,-0.138344,-0.000147954,0.230329,-0.19895,-0.000147972,-0.0827148,-0.138344,0.0611159,0.230329,-0.19895,0.0611159,-0.0827148,-0.144939,0.0552647,0.231605,-0.205544,0.0552647,-0.081438,-0.144939,0.00483325,0.231605,-0.205544,0.00483323,-0.0814381,-0.204169,0.00742129,-0.07316,-0.146753,0.00742131,0.223412,-0.204169,0.0526767,-0.07316,-0.146753,0.0526767,0.223412,0.00517128,0.00742129,-0.113688,0.0625877,0.0074213,0.182884,0.00517135,0.0526767,-0.113688,0.0625877,0.0526767,0.182884],
			"faces"    : [35,3,7,5,1,0,0,1,1,0,35,0,4,6,2,0,2,3,3,2,35,0,2,3,1,0,2,2,0,0,35,17,12,13,16,1,4,5,6,7,35,18,14,15,19,1,8,9,10,11,35,8,21,20,9,1,12,13,14,15,35,10,22,23,11,1,16,17,18,19,35,22,18,19,23,1,17,8,11,18,35,25,8,9,24,1,20,12,15,21,35,24,10,11,25,1,21,16,19,20,35,12,27,26,13,1,5,22,23,6,35,27,15,14,26,1,22,10,9,23,35,13,26,28,16,1,6,23,24,7,35,26,14,18,28,1,23,9,8,24,35,17,29,27,12,1,4,25,22,5,35,29,19,15,27,1,25,11,10,22,35,20,30,24,9,1,14,26,21,15,35,30,22,10,24,1,26,17,16,21,35,28,18,22,30,1,24,8,17,26,35,31,23,19,29,1,27,18,11,25,35,8,25,31,21,1,12,20,27,13,35,25,11,23,31,1,20,19,18,27,35,31,29,34,32,1,27,25,28,29,35,28,30,33,35,1,24,26,30,31,35,21,31,32,36,1,13,27,29,32,35,30,20,37,33,1,26,14,33,30,35,29,17,38,34,1,25,4,34,28,35,16,28,35,39,1,7,24,31,35,35,20,21,36,37,1,14,13,32,33,35,17,16,39,38,1,4,7,35,34],
			"uvs"      : [],
			"normals"  : [0.559801,0,-0.828608,-0.190069,0,-0.98175,0.828608,0,0.559801,0.190069,0,0.98175,0.479202,-0.526688,-0.702048,0.457076,0.577349,-0.676534,0.676534,0.577349,0.457076,0.706626,-0.526688,0.472488,-0.593829,0.198035,0.779809,-0.271004,0.687033,0.674154,-0.503037,0.687033,-0.524308,-0.841975,0.198035,-0.501816,0.457076,-0.577349,-0.676534,0.479202,0.526688,-0.702048,0.706626,0.526688,0.472488,0.676534,-0.577349,0.457076,-0.258919,-0.691641,0.674215,-0.593585,-0.210334,0.776757,-0.840602,-0.210334,-0.4991,-0.491836,-0.691641,-0.528855,-0.134373,-0.707083,-0.694205,0.134373,-0.707083,0.694205,-0.134373,0.707083,-0.694205,0.134373,0.707083,0.694205,0.403485,-0.276376,0.872219,0.048799,-0.276376,-0.959777,0.403455,0.276376,0.872219,0.048799,0.276376,-0.959777,0.727531,-0.611072,-0.311869,0.727531,0.611072,-0.311869,0.791345,0.611072,0.017823,0.791345,-0.611072,0.017823,0.072024,0.981628,-0.176519,0.132694,0.981628,0.136906,0.072024,-0.981628,-0.176519,0.132694,-0.981628,0.136906],
			
			"skinIndices"  : [],
			"skinWeights"  : [],
			"morphTargets" : [],
			
			"bones"      : [],
			"animations" : [],
			
			"colors"    : [],
			"materials" : [
				{
					"DbgColor": 15658734,
					"DbgIndex": 0,
					"DbgName": "fletet",
					"blending": "NormalBlending",
					"colorAmbient": [0.800000011920929, 0.800000011920929, 0.800000011920929],
					"colorDiffuse": [0.800000011920929, 0.800000011920929, 0.800000011920929],
					"colorEmissive": [0.0, 0.0, 0.0],
					"colorSpecular": [0.5, 0.5, 0.5],
					"depthTest": true,
					"depthWrite": true,
					"shading": "Lambert",
					"specularCoef": 1,
					"transparency": 1.0,
					"transparent": false,
					"vertexColors": false
				},
				{
					"DbgColor": 15597568,
					"DbgIndex": 1,
					"DbgName": "liber4",
					"blending": "NormalBlending",
					"colorAmbient": [0.49373732348885113, 0.3146951722308273, 0.3146951722308273],
					"colorDiffuse": [0.49373732348885113, 0.3146951722308273, 0.3146951722308273],
					"colorEmissive": [0.0, 0.0, 0.0],
					"colorSpecular": [0.5, 0.5, 0.5],
					"depthTest": true,
					"depthWrite": true,
					"shading": "Lambert",
					"specularCoef": 50,
					"transparency": 1.0,
					"transparent": false,
					"vertexColors": false
				}
			]


	}
