	{

		"metadata": {
			"formatVersion" : 3.1,
			"generatedBy"   : "Blender 2.7 Exporter",
			"vertices"      : 12,
			"faces"         : 9,
			"normals"       : 12,
			"colors"        : 1,
			"uvs"           : [18],
			"materials"     : 1,
			"morphTargets"  : 0,
			"bones"         : 0
		},

			"scale" : 1.000000,
			
			"vertices" : [0.724754,0.413766,-0.436879,0.756897,-0.271628,-0.456254,-0.756897,-0.271628,-0.456254,-0.724753,0.413766,-0.436879,0.724754,0.413766,0.436879,0.756896,-0.271628,0.456255,-0.756897,-0.271628,0.456255,-0.724754,0.413766,0.436879,0.807491,0.376527,-0.486753,-0.807491,0.376527,-0.486753,0.807491,0.37654,0.486753,-0.807491,0.376527,0.486753],
			"faces"    : [171,2,9,8,1,0,0,1,2,3,0,1,2,3,0,0,0,0,171,4,7,11,10,0,4,5,6,7,4,5,6,7,0,0,0,0,171,0,4,10,8,0,8,4,7,9,8,4,7,2,0,0,0,0,171,2,6,11,9,0,10,11,12,13,0,9,6,1,0,0,0,0,171,4,0,3,7,0,4,8,14,5,4,8,10,5,0,0,0,0,171,11,7,3,9,0,6,5,14,15,6,5,10,1,0,0,0,0,171,10,5,1,8,0,16,11,10,13,7,11,3,2,0,0,0,0,171,11,6,5,10,0,1,0,3,17,6,9,11,7,0,0,0,0,171,0,8,9,3,0,8,9,15,14,8,2,1,10,0,0,0,0],
			"uvs"      : [[0.185349,0.466538,0.164438,0.717782,0.831922,0.717782,0.811011,0.466538,0.803246,0.048911,0.196442,0.04929,0.155808,0.017055,0.844192,0.017055,0.803334,0.414305,0.843693,0.446503,0.694101,0.736416,0.3202,0.736416,0.307704,0.986023,0.706598,0.986023,0.196762,0.414621,0.156735,0.447252,0.307704,0.986028,0.831922,0.717788]],
			"normals"  : [-0.696951,-0.087863,-0.711661,-0.650685,0.432783,-0.62392,0.650655,0.432783,-0.62392,0.696951,-0.087863,-0.711661,0.148564,0.953856,0.260811,-0.148595,0.953856,0.260811,-0.650685,0.432783,0.62392,0.650685,0.432783,0.62392,0.148564,0.953856,-0.260842,-0.696951,-0.087863,0.711661,-0.148595,0.953856,-0.260842,0.696951,-0.087863,0.711661],
			
			"skinIndices"  : [],
			"skinWeights"  : [],
			"morphTargets" : [],
			
			"bones"      : [],
			"animations" : [],
			
			"colors"    : [16777215],
			"materials" : [
				{
					"DbgColor": 15658734,
					"DbgIndex": 0,
					"DbgName": "cassapanca",
					"blending": "NormalBlending",
					"colorAmbient": [0.800000011920929, 0.800000011920929, 0.800000011920929],
					"colorDiffuse": [0.800000011920929, 0.800000011920929, 0.800000011920929],
					"colorEmissive": [0.0, 0.0, 0.0],
					"colorSpecular": [0.0, 0.0, 0.0],
					"depthTest": true,
					"depthWrite": true,
					"mapDiffuse": "cassapanca.png",
					"mapDiffuseWrap": ["repeat", "repeat"],
					"shading": "Lambert",
					"specularCoef": 50,
					"transparency": 1.0,
					"transparent": false,
					"vertexColors": false
				}
			]


	}
