	{

		"metadata": {
			"formatVersion" : 3.1,
			"generatedBy"   : "Blender 2.7 Exporter",
			"vertices"      : 60,
			"faces"         : 29,
			"normals"       : 29,
			"colors"        : 2,
			"uvs"           : [48],
			"materials"     : 1,
			"morphTargets"  : 0,
			"bones"         : 0
		},

			"scale" : 1.000000,
			
			"vertices" : [0.0582745,0.215654,-0.00819715,-0.0401746,0.0221696,-0.00819715,-0.0489535,0.0266365,-0.00819715,0.0494956,0.220121,-0.00819715,0.0538851,0.217888,-0.0131221,-0.044564,0.024403,-0.0131221,-0.044564,0.024403,-0.00327217,0.0538851,0.217888,-0.00327217,-0.0611067,0.203106,0.0186857,0.0196527,0.0268101,-0.0278502,0.0113886,0.0231643,-0.0283803,-0.0693709,0.19946,0.0181556,-0.0719578,0.21595,0.0222923,-0.0719577,0.21595,0.0222923,-0.0654299,0.202354,0.0140295,0.0153296,0.0260587,-0.0325064,0.0157117,0.0239156,-0.0237241,-0.0650477,0.200211,0.0228118,-0.0625235,0.179486,0.0129834,-0.0504285,0.184822,0.0137592,-0.0561964,0.180585,0.019798,-0.0567557,0.183722,0.00694456,-0.00804617,0.197481,-0.0698686,-0.00804617,0.0287687,0.0286263,-0.0236126,0.0287687,0.0286263,-0.0236126,0.197481,-0.0698686,-0.0158294,0.211518,-0.0780631,-0.0158294,0.211518,-0.0780631,-0.0158294,0.193557,-0.0765902,-0.0158294,0.0248446,0.0219047,-0.0158294,0.0326928,0.035348,-0.0158294,0.201405,-0.063147,-0.0172757,0.206095,-0.0224053,0.0119118,0.0124903,0.0154488,0.0172757,0.0146591,0.0224053,-0.0119119,0.208264,-0.0154488,-0.0170221,0.223287,-0.0220764,-0.0170221,0.223287,-0.0220764,-0.0181765,0.20718,-0.0161646,0.0110111,0.0135747,0.0216895,0.0181765,0.0135747,0.0161646,-0.0110111,0.20718,-0.0216895,0.0331653,0.00113101,-0.0533095,0.0496776,0.00113101,0.00831515,0.00456517,0.00113102,0.0534275,-0.0570595,0.00113101,0.0369153,-0.0735718,0.00113102,-0.0247095,-0.0284594,0.00113102,-0.0698218,0.0326968,0.149762,0.00376515,0.0207345,0.149762,-0.0408788,1.51899e-05,0.149762,0.0364468,-0.0446287,0.149762,0.0244844,-0.056591,0.149762,-0.0201595,-0.0239094,0.149762,-0.0528411,0.0207345,0.0215333,-0.0408788,0.0326968,0.0215288,0.00376516,1.519e-05,0.0215333,0.0364468,-0.0446287,0.0215333,0.0244845,-0.056591,0.0215288,-0.0201595,-0.0239094,0.0215288,-0.0528411],
			"faces"    : [171,0,3,2,1,0,0,1,2,3,0,0,1,2,0,0,0,0,171,5,6,7,4,0,2,3,0,1,3,3,4,4,0,0,0,0,171,0,4,3,7,0,4,5,6,7,0,4,0,4,0,0,0,0,171,8,11,18,19,0,8,9,10,11,5,5,5,5,0,0,0,0,170,11,8,12,0,9,8,12,5,5,5,0,0,0,170,14,17,13,0,13,14,12,6,6,6,0,0,0,171,15,16,20,21,0,15,16,17,18,6,6,6,6,0,0,0,0,171,20,17,14,21,0,17,14,13,18,6,6,6,6,0,0,0,0,171,18,10,9,19,0,10,19,20,11,5,5,5,5,0,0,0,0,171,22,25,24,23,0,21,22,23,24,7,7,7,7,0,0,0,0,170,25,22,26,0,22,21,25,7,7,7,0,0,0,170,28,31,27,0,22,21,25,8,8,8,0,0,0,171,29,30,31,28,0,23,24,21,22,8,8,8,8,0,0,0,0,171,32,35,34,33,0,26,27,28,29,9,9,9,9,0,0,0,0,170,35,32,36,0,27,26,30,9,9,9,0,0,0,170,38,41,37,0,27,26,30,10,10,10,0,0,0,171,39,40,41,38,0,28,29,26,27,10,10,10,10,0,0,0,0,171,43,42,54,55,0,31,32,33,34,11,12,13,14,0,0,0,0,171,44,43,55,56,0,35,31,34,36,15,11,14,16,0,0,0,0,171,45,44,56,57,0,37,35,36,38,17,15,16,18,0,0,0,0,171,46,45,57,58,0,32,37,38,39,19,17,18,20,0,0,0,0,171,47,46,58,59,0,40,32,39,41,21,19,20,22,0,0,0,0,171,42,47,59,54,0,32,40,41,33,12,21,22,13,0,0,0,0,171,59,53,49,54,0,41,42,43,33,22,23,24,13,0,0,0,0,171,58,52,53,59,0,39,44,42,41,20,25,23,22,0,0,0,0,171,57,51,52,58,0,38,45,44,39,18,26,25,20,0,0,0,0,171,56,50,51,57,0,36,46,45,38,16,27,26,18,0,0,0,0,171,55,48,50,56,0,34,47,46,36,14,28,27,16,0,0,0,0,171,54,49,48,55,0,33,43,47,34,13,24,28,14,0,0,0,0],
			"uvs"      : [[0.162749,0.072185,0.163018,0.039623,0.880675,0.04556,0.880405,0.078121,0.115527,0.070373,0.116444,0.036524,0.150293,0.037441,0.149376,0.07129,0.033583,0.209673,0.067451,0.208982,0.076957,0.289819,0.027383,0.290832,0.048827,0.147315,0.066595,0.209157,0.032725,0.209844,0.081777,0.955694,0.047905,0.956383,0.026518,0.291004,0.076092,0.289996,0.082701,0.955523,0.048828,0.956216,0.094398,0.255191,0.150126,0.254041,0.164557,0.953426,0.108829,0.954575,0.121061,0.196437,0.943935,0.150809,0.980314,0.151556,0.963856,0.953346,0.927477,0.952599,0.963494,0.084476,0.374204,0.107238,0.704448,0.107238,0.671347,0.259658,0.402494,0.259658,0.124664,0.103858,0.17632,0.256278,0.375544,0.107238,0.401876,0.259658,0.671974,0.259658,0.927963,0.107238,0.879974,0.259658,0.867337,0.962385,0.671347,0.962385,0.668969,0.962385,0.404858,0.962385,0.188954,0.959005,0.402494,0.962385]],
			"normals"  : [0.320658,0.630207,0.707083,0,0,1,0,0,0.999969,-0.891232,0.453475,0,-0.309519,0.950865,0,0.042207,-0.236854,0.970611,-0.913327,-0.402905,-0.058565,0,0.504166,0.863582,-1,0,0,0.791925,0,-0.610614,0.592792,0.239692,0.768822,0.731712,0.652791,0.196051,0.53563,0.652791,-0.53563,0.650868,0.390759,-0.650868,0.889096,0.39079,0.238227,0.196051,0.65276,0.731712,0.238227,0.390759,0.889096,-0.535661,0.65276,0.535661,-0.650868,0.390759,0.650868,-0.731681,0.652791,-0.196051,-0.889096,0.39079,-0.238227,-0.196051,0.652791,-0.731681,-0.238227,0.39079,-0.889096,-0.258797,0,-0.965911,0.707083,0,-0.707083,-0.965911,0,-0.258797,-0.707083,0,0.707083,0.258797,0,0.965911,0.965911,0,0.258797],
			
			"skinIndices"  : [],
			"skinWeights"  : [],
			"morphTargets" : [],
			
			"bones"      : [],
			"animations" : [],
			
			"colors"    : [16777215,0],
			"materials" : [
				{
					"DbgColor": 15658734,
					"DbgIndex": 0,
					"DbgName": "Pencil holder",
					"blending": "NormalBlending",
					"colorAmbient": [0.800000011920929, 0.800000011920929, 0.800000011920929],
					"colorDiffuse": [0.800000011920929, 0.800000011920929, 0.800000011920929],
					"colorEmissive": [0.0, 0.0, 0.0],
					"colorSpecular": [0.0, 0.0, 0.0],
					"depthTest": true,
					"depthWrite": true,
					"mapDiffuse": "penne.png",
					"mapDiffuseWrap": ["repeat", "repeat"],
					"shading": "Lambert",
					"specularCoef": 50,
					"transparency": 1.0,
					"transparent": false,
					"vertexColors": false
				}
			]


	}
