	{

		"metadata": {
			"formatVersion" : 3.1,
			"generatedBy"   : "Blender 2.7 Exporter",
			"vertices"      : 76,
			"faces"         : 52,
			"normals"       : 37,
			"colors"        : 1,
			"uvs"           : [116],
			"materials"     : 1,
			"morphTargets"  : 0,
			"bones"         : 0
		},

			"scale" : 1.000000,
			
			"vertices" : [1.41511,1.4156,-0.000540353,1.41511,-1.41463,-0.00054047,-1.41512,-1.41463,-0.00054047,-1.41511,1.41561,-0.000540353,1.39614,-1.45557,-0.504981,1.39614,1.45655,-0.504981,1.45606,1.39663,-0.504981,1.45606,-1.39565,-0.504981,1.35417,-1.39798,-0.504981,1.35417,1.39896,-0.504981,1.41229,-1.34043,-0.504981,1.41229,1.34141,-0.504981,1.39614,-1.45557,0.5039,1.39614,1.45655,0.5039,1.45606,1.39663,0.5039,1.45606,-1.39565,0.5039,1.35417,-1.39799,0.5039,1.35417,1.39896,0.5039,1.41229,-1.34043,0.5039,1.41229,1.34141,0.5039,-1.41229,1.34141,0.5039,-1.41229,-1.34043,0.5039,-1.35417,1.39896,0.5039,-1.35417,-1.39799,0.5039,-1.45606,-1.39565,0.5039,-1.45606,1.39663,0.5039,-1.39614,1.45655,0.5039,-1.39614,-1.45557,0.5039,-1.41229,1.34141,-0.504981,-1.41229,-1.34043,-0.504981,-1.35417,1.39896,-0.504981,-1.35417,-1.39798,-0.504981,-1.45606,-1.39565,-0.504981,-1.45606,1.39663,-0.504981,-1.39614,1.45655,-0.504981,-1.39614,-1.45557,-0.504981,-1.42045,-0.00160544,-0.468554,-1.42045,-0.00160572,0.475949,1.42045,-0.00160572,0.475949,1.42045,-0.00160544,-0.468554,1.42045,-0.035788,0.475949,1.42045,-0.0357877,-0.468554,-1.42045,-0.0357877,-0.468554,-1.42045,-0.035788,0.475949,-1.42045,0.476962,0.475949,-1.42045,0.476963,-0.468554,1.42045,0.476963,-0.468554,1.42045,0.476962,0.475949,1.42045,0.511145,-0.468554,1.42045,0.511145,0.475949,-1.42045,0.511145,0.475949,-1.42045,0.511145,-0.468554,-1.42045,0.990144,-0.468554,-1.42045,0.990144,0.475949,1.42045,0.990144,0.475949,1.42045,0.990144,-0.468554,1.42045,0.955962,0.475949,1.42045,0.955962,-0.468554,-1.42045,0.955962,-0.468554,-1.42045,0.955962,0.475949,-1.42045,-0.954983,0.475949,-1.42045,-0.954983,-0.468554,1.42045,-0.954983,-0.468554,1.42045,-0.954983,0.475949,1.42045,-0.989165,-0.468554,1.42045,-0.989165,0.475949,-1.42045,-0.989165,0.475949,-1.42045,-0.989165,-0.468554,-1.42045,-0.510166,-0.468554,-1.42045,-0.510166,0.475949,1.42045,-0.510166,0.475949,1.42045,-0.510166,-0.468554,1.42045,-0.475984,0.475949,1.42045,-0.475984,-0.468554,-1.42045,-0.475984,-0.468554,-1.42045,-0.475984,0.475949],
			"faces"    : [171,0,1,2,3,0,0,1,2,3,0,0,0,0,0,0,0,0,171,7,6,14,15,0,4,5,6,7,1,2,3,4,0,0,0,0,171,7,15,12,4,0,4,7,8,9,1,4,5,6,0,0,0,0,171,6,5,13,14,0,5,10,11,6,2,7,8,3,0,0,0,0,171,31,23,16,8,0,12,13,14,15,9,10,11,12,0,0,0,0,171,11,10,18,19,0,16,17,18,19,13,14,15,16,0,0,0,0,171,10,8,16,18,0,17,20,21,18,14,12,11,15,0,0,0,0,171,11,19,17,9,0,16,19,22,23,13,16,17,18,0,0,0,0,171,13,17,19,14,0,24,25,26,27,8,17,16,3,0,0,0,0,171,14,19,18,15,0,27,26,28,29,3,16,15,4,0,0,0,0,171,12,15,18,16,0,30,29,28,31,5,4,15,11,0,0,0,0,171,12,16,23,27,0,30,31,32,33,5,11,10,19,0,0,0,0,171,27,23,21,24,0,33,32,34,35,19,10,20,21,0,0,0,0,171,25,24,21,20,0,36,35,34,37,22,21,20,23,0,0,0,0,171,26,25,20,22,0,38,36,37,39,24,22,23,25,0,0,0,0,171,28,30,22,20,0,40,41,42,43,26,27,25,23,0,0,0,0,171,29,21,23,31,0,44,45,46,47,28,20,10,9,0,0,0,0,171,28,20,21,29,0,40,43,45,44,26,23,20,28,0,0,0,0,171,33,25,26,34,0,48,49,50,51,29,22,24,30,0,0,0,0,171,32,35,27,24,0,52,53,54,55,31,32,19,21,0,0,0,0,171,32,24,25,33,0,52,55,49,48,31,21,22,29,0,0,0,0,171,5,34,26,13,0,56,57,58,59,7,30,24,8,0,0,0,0,171,9,17,22,30,0,60,61,62,63,18,17,25,27,0,0,0,0,171,13,26,22,17,0,24,38,39,25,8,24,25,17,0,0,0,0,171,6,7,10,11,0,27,29,28,26,2,1,14,13,0,0,0,0,171,4,8,10,7,0,30,31,28,29,6,12,14,1,0,0,0,0,171,4,35,31,8,0,30,33,32,31,6,32,9,12,0,0,0,0,171,29,31,35,32,0,34,32,33,35,28,9,32,31,0,0,0,0,171,28,29,32,33,0,37,34,35,36,26,28,31,29,0,0,0,0,171,28,33,34,30,0,37,36,38,39,26,29,30,27,0,0,0,0,171,5,9,30,34,0,24,25,39,38,7,18,27,30,0,0,0,0,171,5,6,11,9,0,24,27,26,25,7,2,13,18,0,0,0,0,171,39,36,37,38,0,64,65,66,67,33,33,34,34,0,0,0,0,171,37,43,40,38,0,68,69,70,71,34,35,35,34,0,0,0,0,171,39,41,42,36,0,72,73,74,75,33,36,36,33,0,0,0,0,171,42,41,40,43,0,74,73,70,69,36,36,35,35,0,0,0,0,171,45,46,47,44,0,76,77,78,79,36,36,35,35,0,0,0,0,171,48,46,45,51,0,80,77,76,81,33,36,36,33,0,0,0,0,171,50,44,47,49,0,82,79,78,83,34,35,35,34,0,0,0,0,171,48,51,50,49,0,84,85,82,83,33,33,34,34,0,0,0,0,171,55,52,53,54,0,86,87,88,89,33,33,34,34,0,0,0,0,171,53,59,56,54,0,88,90,91,89,34,35,35,34,0,0,0,0,171,55,57,58,52,0,92,93,94,95,33,36,36,33,0,0,0,0,171,58,57,56,59,0,94,93,91,90,36,36,35,35,0,0,0,0,171,61,60,63,62,0,96,97,98,99,33,34,34,33,0,0,0,0,171,64,67,61,62,0,100,101,102,103,36,36,33,33,0,0,0,0,171,66,65,63,60,0,104,105,98,97,35,35,34,34,0,0,0,0,171,64,65,66,67,0,100,105,104,101,36,35,35,36,0,0,0,0,171,71,70,69,68,0,106,107,108,109,36,35,35,36,0,0,0,0,171,69,70,72,75,0,108,107,110,111,35,35,34,34,0,0,0,0,171,71,68,74,73,0,106,109,112,113,36,36,33,33,0,0,0,0,171,74,75,72,73,0,114,111,110,115,33,34,34,33,0,0,0,0],
			"uvs"      : [[0.954251,0.956155,0.954251,0.611564,0.609659,0.611564,0.609659,0.956155,0.431332,0.62288,0.431332,0.976218,0.303667,0.976218,0.303667,0.62288,0.303667,0.615297,0.431332,0.615297,0.431332,0.983801,0.303667,0.983801,0.292532,0.596021,0.164868,0.59602,0.164871,0.253309,0.292535,0.25331,0.572298,0.972099,0.572299,0.62538,0.441866,0.62538,0.441866,0.972099,0.572298,0.616836,0.441867,0.616835,0.441863,0.98065,0.572299,0.980636,0.970072,0.977053,0.964453,0.969343,0.972235,0.961637,0.978095,0.96903,0.972234,0.602576,0.978095,0.595183,0.970072,0.58716,0.964453,0.59487,0.601844,0.59487,0.596225,0.58716,0.594062,0.602576,0.588202,0.595183,0.588201,0.96903,0.594062,0.961637,0.596225,0.977053,0.601844,0.969343,0.436125,0.588106,0.436127,0.59846,0.308458,0.598474,0.308456,0.588125,0.436116,0.248397,0.30845,0.248407,0.308495,0.237712,0.436158,0.237713,0.289771,0.975671,0.162106,0.975671,0.162106,0.983254,0.289771,0.983254,0.289771,0.622333,0.289771,0.61475,0.162106,0.61475,0.162106,0.622333,0.14871,0.641946,0.148729,0.980235,0.021071,0.980243,0.021051,0.641952,0.146159,0.595089,0.01849,0.595102,0.018454,0.252378,0.146123,0.252364,0.580626,0.19717,0.580626,0.577528,0.45417,0.577528,0.45417,0.19717,0.030161,0.209966,0.03016,0.20539,0.410519,0.20539,0.410519,0.209966,0.410519,0.074357,0.410519,0.078934,0.03016,0.078934,0.03016,0.074357,0.977163,0.283195,0.596804,0.283195,0.596804,0.156739,0.977163,0.156739,0.596804,0.287772,0.977163,0.287772,0.977163,0.152162,0.596804,0.152162,0.596804,0.025706,0.977163,0.025706,0.977162,0.565314,0.596804,0.565314,0.596804,0.438858,0.977162,0.438858,0.596804,0.434282,0.977162,0.434282,0.977162,0.303249,0.977162,0.307825,0.596804,0.307825,0.596804,0.303249,0.977162,0.307888,0.977162,0.434344,0.596804,0.434344,0.596804,0.307888,0.596804,0.565377,0.977162,0.565377,0.977162,0.569953,0.596804,0.569953,0.977162,0.438921,0.596804,0.438921,0.977163,0.025312,0.977163,0.151768,0.596804,0.151768,0.596804,0.025312,0.977163,0.156345,0.596804,0.156345,0.596804,0.020735,0.977163,0.020735,0.596804,0.282801,0.977163,0.282801]],