	{

		"metadata": {
			"formatVersion" : 3.1,
			"generatedBy"   : "Blender 2.7 Exporter",
			"vertices"      : 60,
			"faces"         : 41,
			"normals"       : 30,
			"colors"        : 1,
			"uvs"           : [100],
			"materials"     : 1,
			"morphTargets"  : 0,
			"bones"         : 0
		},

			"scale" : 1.000000,
			
			"vertices" : [0.874625,0.384768,-0.541221,0.874625,0.384768,0.541221,-0.874625,0.384768,0.541221,-0.874624,0.384768,-0.541221,0.910127,0.478417,-0.56319,0.910126,0.478417,0.56319,-0.910127,0.478417,0.56319,-0.910127,0.478417,-0.56319,0.919683,0.450017,-0.569103,0.919683,0.450017,0.569103,-0.919683,0.450017,0.569103,-0.919683,0.450017,-0.569103,-0.755462,-0.309958,0.420281,-0.786541,0.463506,0.389201,-0.786541,0.463506,0.492801,-0.755462,-0.309958,0.461721,-0.714022,-0.309958,0.420281,-0.682942,0.463506,0.389202,-0.682942,0.463506,0.492801,-0.714022,-0.309958,0.461721,0.755463,-0.309958,0.420281,0.786542,0.463506,0.389201,0.786542,0.463506,0.492801,0.755463,-0.309958,0.461721,0.714023,-0.309958,0.420281,0.682943,0.463506,0.389202,0.682943,0.463506,0.492801,0.714023,-0.309958,0.461721,-0.755462,-0.309957,-0.420281,-0.786541,0.463507,-0.389201,-0.786541,0.463507,-0.492801,-0.755462,-0.309957,-0.461721,-0.714022,-0.309957,-0.420281,-0.682942,0.463507,-0.389201,-0.682942,0.463507,-0.492801,-0.714022,-0.309957,-0.461721,0.755463,-0.309958,-0.420281,0.786542,0.463506,-0.389201,0.786542,0.463506,-0.492801,0.755462,-0.309958,-0.461721,0.714023,-0.309958,-0.420281,0.682943,0.463506,-0.389202,0.682943,0.463506,-0.492801,0.714023,-0.309958,-0.461721,0.726455,-0.368736,-0.449289,0.726455,-0.368736,-0.432713,0.743031,-0.368736,-0.449289,0.743031,-0.368736,-0.432713,-0.726454,-0.368735,-0.449289,-0.726454,-0.368735,-0.432713,-0.74303,-0.368735,-0.449289,-0.74303,-0.368735,-0.432713,0.726455,-0.368736,0.449289,0.726455,-0.368736,0.432713,0.743031,-0.368736,0.449289,0.743031,-0.368736,0.432713,-0.726454,-0.368736,0.449289,-0.726454,-0.368736,0.432713,-0.74303,-0.368736,0.449289,-0.74303,-0.368736,0.432713],
			"faces"    : [171,4,7,6,5,0,0,1,2,3,0,1,2,3,0,0,0,0,171,0,8,9,1,0,4,5,6,7,4,5,6,7,0,0,0,0,171,1,9,10,2,0,8,9,10,11,7,6,8,9,0,0,0,0,171,2,10,11,3,0,12,13,14,15,9,8,10,11,0,0,0,0,171,4,8,11,7,0,0,16,17,1,0,5,10,1,0,0,0,0,171,8,0,3,11,0,16,18,19,17,5,4,11,10,0,0,0,0,171,10,6,7,11,0,13,2,1,14,8,2,1,10,0,0,0,0,171,9,5,6,10,0,9,3,2,10,6,3,2,8,0,0,0,0,171,8,4,5,9,0,5,0,3,6,5,0,3,6,0,0,0,0,171,12,15,14,13,0,20,21,22,23,12,13,14,15,0,0,0,0,171,16,17,18,19,0,24,25,26,27,16,17,18,19,0,0,0,0,171,12,13,17,16,0,20,23,28,29,12,15,17,16,0,0,0,0,171,14,15,19,18,0,22,21,27,26,14,13,19,18,0,0,0,0,171,20,21,22,23,0,30,31,32,33,16,17,18,19,0,0,0,0,171,24,27,26,25,0,34,35,36,37,12,13,14,15,0,0,0,0,171,20,24,25,21,0,30,38,39,31,16,12,15,17,0,0,0,0,171,22,26,27,23,0,32,36,35,33,18,14,13,19,0,0,0,0,171,28,29,30,31,0,40,41,42,43,13,14,15,12,0,0,0,0,171,32,35,34,33,0,44,45,46,47,19,16,17,18,0,0,0,0,171,28,32,33,29,0,40,48,49,41,13,19,18,14,0,0,0,0,171,30,34,35,31,0,42,46,45,43,15,17,16,12,0,0,0,0,171,36,39,38,37,0,50,51,52,53,19,16,17,18,0,0,0,0,171,40,41,42,43,0,54,55,56,57,13,14,15,12,0,0,0,0,171,36,37,41,40,0,50,53,58,59,19,18,14,13,0,0,0,0,171,38,39,43,42,0,52,51,57,56,17,16,12,15,0,0,0,0,171,39,46,44,43,0,60,61,62,63,16,20,21,12,0,0,0,0,171,40,45,47,36,0,64,65,66,67,13,22,23,19,0,0,0,0,171,43,44,45,40,0,63,62,65,64,12,21,22,13,0,0,0,0,171,36,47,46,39,0,68,69,61,60,19,23,20,16,0,0,0,0,171,31,35,48,50,0,70,71,72,73,12,16,24,25,0,0,0,0,171,32,28,51,49,0,74,75,76,77,19,13,26,23,0,0,0,0,171,35,32,49,48,0,71,78,79,72,16,19,23,24,0,0,0,0,171,28,31,50,51,0,75,70,73,76,13,12,25,26,0,0,0,0,171,23,27,52,54,0,80,81,82,83,19,13,22,23,0,0,0,0,171,24,20,55,53,0,84,85,86,87,12,16,24,21,0,0,0,0,171,27,24,53,52,0,81,84,87,82,13,12,21,22,0,0,0,0,171,20,23,54,55,0,88,80,83,89,16,19,23,24,0,0,0,0,171,15,58,56,19,0,90,91,92,93,13,26,27,19,0,0,0,0,171,16,57,59,12,0,94,95,96,97,16,28,29,12,0,0,0,0,171,19,56,57,16,0,93,92,98,99,19,27,28,16,0,0,0,0,171,12,59,58,15,0,97,96,91,90,12,29,26,13,0,0,0,0],
			"uvs"      : [[0.900312,0.927843,0.100504,0.927843,0.100503,0.432919,0.900312,0.432918,0.952514,0.91819,0.913703,0.930441,0.913702,0.43032,0.952513,0.442571,0.884713,0.379635,0.904511,0.41734,0.096305,0.41734,0.116103,0.379635,0.048302,0.442572,0.087113,0.43032,0.087113,0.930441,0.048302,0.91819,0.904511,0.943421,0.096305,0.943422,0.884713,0.981127,0.116103,0.981127,0.495376,0.284085,0.495731,0.262124,0.889346,0.263263,0.889036,0.312233,0.495322,0.218198,0.888988,0.165317,0.889331,0.214284,0.495713,0.240158,0.8884,0.361167,0.494648,0.30603,0.099532,0.09361,0.493245,0.062501,0.493588,0.111465,0.099924,0.115568,0.099589,0.159492,0.099943,0.137532,0.493604,0.160444,0.493295,0.20941,0.098766,0.071668,0.492576,0.013574,0.493639,0.284052,0.100167,0.314991,0.099825,0.266037,0.493249,0.262099,0.493587,0.218184,0.493232,0.240139,0.099809,0.217058,0.10012,0.168102,0.494402,0.30599,0.100834,0.363907,0.891693,0.090711,0.891338,0.112673,0.49766,0.111577,0.49797,0.062605,0.891749,0.156601,0.498019,0.209526,0.497676,0.160557,0.891357,0.13464,0.498606,0.013668,0.892421,0.068765,0.976891,0.229568,0.916416,0.212366,0.916988,0.200536,0.979744,0.199979,0.976077,0.170454,0.916091,0.18872,0.91374,0.177128,0.964506,0.141536,0.966119,0.258715,0.914386,0.224,0.979745,0.19997,0.976891,0.229559,0.91642,0.212356,0.916992,0.200526,0.964507,0.141528,0.976078,0.170446,0.916095,0.18871,0.913744,0.177118,0.966119,0.258705,0.914389,0.22399,0.976081,0.170415,0.979755,0.199938,0.91701,0.200534,0.91611,0.188719,0.976911,0.229527,0.966147,0.258673,0.914415,0.223998,0.916442,0.212364,0.964502,0.141501,0.913756,0.17713,0.979756,0.199939,0.917011,0.200533,0.916111,0.188719,0.976081,0.170417,0.966146,0.258674,0.914415,0.223997,0.916443,0.212363,0.97691,0.229529,0.913758,0.177128,0.964502,0.141503]],
			"normals"  : [0.47206,0.710593,-0.521683,-0.47206,0.710593,-0.521683,-0.47206,0.710593,0.521683,0.47206,0.710593,0.521683,0.495956,-0.607562,-0.62035,0.727317,-0.125858,-0.674612,0.727317,-0.125858,0.674612,0.495956,-0.607562,0.62035,-0.727317,-0.125858,0.674612,-0.495956,-0.607562,0.62035,-0.727317,-0.125858,-0.674612,-0.495956,-0.607562,-0.62035,-0.69747,-0.164495,-0.69747,-0.69747,-0.164495,0.69747,-0.705954,-0.056734,0.705954,-0.705954,-0.056734,-0.705954,0.69747,-0.164495,-0.69747,0.705954,-0.056734,-0.705954,0.705954,-0.056734,0.705954,0.69747,-0.164495,0.69747,0.67745,-0.286538,-0.677419,-0.677419,-0.286569,-0.67745,-0.677419,-0.286569,0.67745,0.67745,-0.286538,0.67745,0.67745,-0.286538,-0.67745,-0.67745,-0.286538,-0.67745,-0.67745,-0.286538,0.67745,0.677419,-0.286569,0.67745,0.67745,-0.286569,-0.677419,-0.67745,-0.286569,-0.677419],
			
			"skinIndices"  : [],
			"skinWeights"  : [],
			"morphTargets" : [],
			
			"bones"      : [],
			"animations" : [],
			
			"colors"    : [14735815],
			"materials" : [
				{
					"DbgColor": 15658734,
					"DbgIndex": 0,
					"DbgName": "tavolo1",
					"blending": "NormalBlending",
					"colorAmbient": [1.0, 1.0, 1.0],
					"colorDiffuse": [1.0, 1.0, 1.0],
					"colorEmissive": [0.0, 0.0, 0.0],
					"colorSpecular": [0.0, 0.0, 0.0],
					"depthTest": true,
					"depthWrite": true,
					"mapDiffuse": "tavolo1.png",
					"mapDiffuseWrap": ["repeat", "repeat"],
					"shading": "Lambert",
					"specularCoef": 50,
					"transparency": 1.0,
					"transparent": false,
					"vertexColors": false
				}
			]


	}
